id;cpf;birth_date;name
1;Bedfordshire copy Auto;2022-03-31T11:55:49;Facilitator frame compressing
2;Frozen next;2022-03-31T10:11:05;Tasty Forward connect
3;connect Shoes Virtual;2022-03-31T18:18:37;Planner invoice
4;virtual generate;2022-03-31T07:13:43;eco-centric distributed Movies
5;port generate Refined;2022-03-31T04:42:39;Beauty Intranet Usability
6;Electronics virtual;2022-03-31T02:28:42;payment Practical synthesizing
7;Advanced;2022-03-31T05:55:41;Total mindshare driver
8;Marketing Concrete Station;2022-03-31T11:32:34;Streets group deposit
9;clear-thinking Keyboard;2022-03-31T13:19:49;deploy Central
10;Euro copying Handcrafted;2022-03-31T03:04:40;superstructure
